t	nsat	m	n	chi	lambda	k	timebudget
300	220625	280506	9061	0.1	50	2	5
300	222048	280506	9061	0.1	50	2	5
300	220706	280506	9061	0.1	50	2	5
300	221231	280506	9061	0.1	50	2	5
350	221563	280506	9061	0.1	50	2	5
300	222001	280506	9061	0.1	50	2	5
300	220636	280506	9061	0.1	50	2	5
300	220670	280506	9061	0.1	50	2	5
300	221969	280506	9061	0.1	50	2	5
300	221166	280506	9061	0.1	50	2	5
300	220646	280506	9061	0.1	50	2	5
250	221226	280506	9061	0.1	50	2	5
300	221577	280506	9061	0.1	50	2	5
350	221520	280506	9061	0.1	50	2	5
300	220353	280506	9061	0.1	50	2	5
300	220319	280506	9061	0.1	50	2	5
300	220356	280506	9061	0.1	50	2	5
300	223054	280506	9061	0.1	50	2	5
350	220569	280506	9061	0.1	50	2	5
350	221834	280506	9061	0.1	50	2	5
300	220992	280506	9061	0.1	50	2	5
300	219683	280506	9061	0.1	50	2	5
300	222260	280506	9061	0.1	50	2	5
300	220769	280506	9061	0.1	50	2	5
350	221184	280506	9061	0.1	50	2	5
250	220412	280506	9061	0.1	50	2	5
300	221060	280506	9061	0.1	50	2	5
300	221653	280506	9061	0.1	50	2	5
300	220376	280506	9061	0.1	50	2	5
350	221532	280506	9061	0.1	50	2	5
350	220717	280506	9061	0.1	50	2	5
300	221488	280506	9061	0.1	50	2	5
300	221571	280506	9061	0.1	50	2	5
300	220701	280506	9061	0.1	50	2	5
300	221976	280506	9061	0.1	50	2	5
300	220442	280506	9061	0.1	50	2	5
300	221496	280506	9061	0.1	50	2	5
350	222957	280506	9061	0.1	50	2	5
350	220238	280506	9061	0.1	50	2	5
350	222103	280506	9061	0.1	50	2	5
300	221737	280506	9061	0.1	50	2	5
300	220608	280506	9061	0.1	50	2	5
300	220213	280506	9061	0.1	50	2	5
300	221423	280506	9061	0.1	50	2	5
300	220932	280506	9061	0.1	50	2	5
350	221662	280506	9061	0.1	50	2	5
350	221809	280506	9061	0.1	50	2	5
350	221926	280506	9061	0.1	50	2	5
300	221753	280506	9061	0.1	50	2	5
300	222390	280506	9061	0.1	50	2	5
350	221973	280506	9061	0.1	50	2	5
300	220649	280506	9061	0.1	50	2	5
300	220816	280506	9061	0.1	50	2	5
350	221176	280506	9061	0.1	50	2	5
300	222006	280506	9061	0.1	50	2	5
300	221269	280506	9061	0.1	50	2	5
300	219445	280506	9061	0.1	50	2	5
300	222273	280506	9061	0.1	50	2	5
300	221792	280506	9061	0.1	50	2	5
300	220187	280506	9061	0.1	50	2	5
350	222457	280506	9061	0.1	50	2	5
300	221418	280506	9061	0.1	50	2	5
350	220682	280506	9061	0.1	50	2	5
300	221290	280506	9061	0.1	50	2	5
300	220830	280506	9061	0.1	50	2	5
300	221601	280506	9061	0.1	50	2	5
300	221329	280506	9061	0.1	50	2	5
300	219878	280506	9061	0.1	50	2	5
300	219553	280506	9061	0.1	50	2	5
300	220940	280506	9061	0.1	50	2	5
250	220723	280506	9061	0.1	50	2	5
300	221502	280506	9061	0.1	50	2	5
300	221541	280506	9061	0.1	50	2	5
300	220156	280506	9061	0.1	50	2	5
300	221398	280506	9061	0.1	50	2	5
300	221576	280506	9061	0.1	50	2	5
300	221918	280506	9061	0.1	50	2	5
300	219919	280506	9061	0.1	50	2	5
300	221207	280506	9061	0.1	50	2	5
300	221583	280506	9061	0.1	50	2	5
300	221449	280506	9061	0.1	50	2	5
300	221452	280506	9061	0.1	50	2	5
350	220810	280506	9061	0.1	50	2	5
350	222587	280506	9061	0.1	50	2	5
300	221343	280506	9061	0.1	50	2	5
300	221593	280506	9061	0.1	50	2	5
300	221688	280506	9061	0.1	50	2	5
300	220555	280506	9061	0.1	50	2	5
300	220318	280506	9061	0.1	50	2	5
300	221779	280506	9061	0.1	50	2	5
300	219934	280506	9061	0.1	50	2	5
300	221543	280506	9061	0.1	50	2	5
300	219873	280506	9061	0.1	50	2	5
300	220251	280506	9061	0.1	50	2	5
300	222063	280506	9061	0.1	50	2	5
300	221780	280506	9061	0.1	50	2	5
300	222225	280506	9061	0.1	50	2	5
350	222595	280506	9061	0.1	50	2	5
350	220819	280506	9061	0.1	50	2	5
350	221122	280506	9061	0.1	50	2	5
300	221358	280506	9061	0.4	50	2	5
250	219914	280506	9061	0.4	50	2	5
250	221992	280506	9061	0.4	50	2	5
250	220368	280506	9061	0.4	50	2	5
350	221558	280506	9061	0.4	50	2	5
300	221770	280506	9061	0.4	50	2	5
350	221454	280506	9061	0.4	50	2	5
300	221004	280506	9061	0.4	50	2	5
300	221915	280506	9061	0.4	50	2	5
350	221121	280506	9061	0.4	50	2	5
350	222320	280506	9061	0.4	50	2	5
300	221040	280506	9061	0.4	50	2	5
300	219680	280506	9061	0.4	50	2	5
300	221636	280506	9061	0.4	50	2	5
300	221551	280506	9061	0.4	50	2	5
300	220549	280506	9061	0.4	50	2	5
300	221030	280506	9061	0.4	50	2	5
300	221707	280506	9061	0.4	50	2	5
300	221304	280506	9061	0.4	50	2	5
350	221602	280506	9061	0.4	50	2	5
300	222426	280506	9061	0.4	50	2	5
300	221459	280506	9061	0.4	50	2	5
350	221312	280506	9061	0.4	50	2	5
350	221858	280506	9061	0.4	50	2	5
350	221774	280506	9061	0.4	50	2	5
300	220104	280506	9061	0.4	50	2	5
250	219502	280506	9061	0.4	50	2	5
300	220945	280506	9061	0.4	50	2	5
300	221451	280506	9061	0.4	50	2	5
300	221932	280506	9061	0.4	50	2	5
300	220929	280506	9061	0.4	50	2	5
300	221058	280506	9061	0.4	50	2	5
300	221143	280506	9061	0.4	50	2	5
350	221387	280506	9061	0.4	50	2	5
300	220809	280506	9061	0.4	50	2	5
300	220600	280506	9061	0.4	50	2	5
300	223162	280506	9061	0.4	50	2	5
300	220574	280506	9061	0.4	50	2	5
300	221120	280506	9061	0.4	50	2	5
350	220358	280506	9061	0.4	50	2	5
300	221735	280506	9061	0.4	50	2	5
300	219525	280506	9061	0.4	50	2	5
250	220403	280506	9061	0.4	50	2	5
300	221317	280506	9061	0.4	50	2	5
300	220627	280506	9061	0.4	50	2	5
300	220989	280506	9061	0.4	50	2	5
300	221465	280506	9061	0.4	50	2	5
300	221936	280506	9061	0.4	50	2	5
250	220704	280506	9061	0.4	50	2	5
300	222205	280506	9061	0.4	50	2	5
300	220994	280506	9061	0.4	50	2	5
300	221489	280506	9061	0.4	50	2	5
300	220976	280506	9061	0.4	50	2	5
300	221155	280506	9061	0.4	50	2	5
300	221249	280506	9061	0.4	50	2	5
300	221882	280506	9061	0.4	50	2	5
300	220820	280506	9061	0.4	50	2	5
300	220128	280506	9061	0.4	50	2	5
300	221848	280506	9061	0.4	50	2	5
300	219405	280506	9061	0.4	50	2	5
250	220618	280506	9061	0.4	50	2	5
350	221499	280506	9061	0.4	50	2	5
300	221867	280506	9061	0.4	50	2	5
300	221663	280506	9061	0.4	50	2	5
300	221196	280506	9061	0.4	50	2	5
300	221497	280506	9061	0.4	50	2	5
300	222496	280506	9061	0.4	50	2	5
300	221317	280506	9061	0.4	50	2	5
300	220581	280506	9061	0.4	50	2	5
300	221829	280506	9061	0.4	50	2	5
350	222235	280506	9061	0.4	50	2	5
300	221180	280506	9061	0.4	50	2	5
300	220562	280506	9061	0.4	50	2	5
300	221133	280506	9061	0.4	50	2	5
300	221519	280506	9061	0.4	50	2	5
300	220955	280506	9061	0.4	50	2	5
350	222293	280506	9061	0.4	50	2	5
300	220414	280506	9061	0.4	50	2	5
300	221199	280506	9061	0.4	50	2	5
300	220955	280506	9061	0.4	50	2	5
300	221488	280506	9061	0.4	50	2	5
250	220446	280506	9061	0.4	50	2	5
300	220735	280506	9061	0.4	50	2	5
300	222524	280506	9061	0.4	50	2	5
300	221348	280506	9061	0.4	50	2	5
300	221727	280506	9061	0.4	50	2	5
350	221632	280506	9061	0.4	50	2	5
300	221152	280506	9061	0.4	50	2	5
300	222238	280506	9061	0.4	50	2	5
300	221204	280506	9061	0.4	50	2	5
300	221543	280506	9061	0.4	50	2	5
350	221816	280506	9061	0.4	50	2	5
350	220401	280506	9061	0.4	50	2	5
350	221951	280506	9061	0.4	50	2	5
300	220831	280506	9061	0.4	50	2	5
300	221207	280506	9061	0.4	50	2	5
300	221579	280506	9061	0.4	50	2	5
350	220767	280506	9061	0.4	50	2	5
300	220766	280506	9061	0.4	50	2	5
350	222119	280506	9061	0.4	50	2	5
300	221479	280506	9061	0.7	50	2	5
300	221653	280506	9061	0.7	50	2	5
250	221265	280506	9061	0.7	50	2	5
300	221536	280506	9061	0.7	50	2	5
300	220634	280506	9061	0.7	50	2	5
300	221231	280506	9061	0.7	50	2	5
300	221426	280506	9061	0.7	50	2	5
300	221008	280506	9061	0.7	50	2	5
300	221770	280506	9061	0.7	50	2	5
300	220587	280506	9061	0.7	50	2	5
300	221436	280506	9061	0.7	50	2	5
300	221037	280506	9061	0.7	50	2	5
300	220920	280506	9061	0.7	50	2	5
300	221543	280506	9061	0.7	50	2	5
300	220803	280506	9061	0.7	50	2	5
250	220238	280506	9061	0.7	50	2	5
300	221625	280506	9061	0.7	50	2	5
300	221475	280506	9061	0.7	50	2	5
300	220530	280506	9061	0.7	50	2	5
350	221687	280506	9061	0.7	50	2	5
300	220184	280506	9061	0.7	50	2	5
300	221071	280506	9061	0.7	50	2	5
250	220121	280506	9061	0.7	50	2	5
250	220445	280506	9061	0.7	50	2	5
300	220934	280506	9061	0.7	50	2	5
350	221203	280506	9061	0.7	50	2	5
350	221259	280506	9061	0.7	50	2	5
300	221923	280506	9061	0.7	50	2	5
300	221599	280506	9061	0.7	50	2	5
300	221313	280506	9061	0.7	50	2	5
250	219895	280506	9061	0.7	50	2	5
300	221472	280506	9061	0.7	50	2	5
300	221106	280506	9061	0.7	50	2	5
300	221158	280506	9061	0.7	50	2	5
300	222665	280506	9061	0.7	50	2	5
300	221508	280506	9061	0.7	50	2	5
300	221084	280506	9061	0.7	50	2	5
350	222914	280506	9061	0.7	50	2	5
300	221106	280506	9061	0.7	50	2	5
250	220028	280506	9061	0.7	50	2	5
200	220276	280506	9061	0.7	50	2	5
300	221314	280506	9061	0.7	50	2	5
250	220201	280506	9061	0.7	50	2	5
300	222111	280506	9061	0.7	50	2	5
300	221351	280506	9061	0.7	50	2	5
300	220684	280506	9061	0.7	50	2	5
300	219289	280506	9061	0.7	50	2	5
300	220275	280506	9061	0.7	50	2	5
300	221528	280506	9061	0.7	50	2	5
300	220237	280506	9061	0.7	50	2	5
300	221331	280506	9061	0.7	50	2	5
300	222559	280506	9061	0.7	50	2	5
300	221018	280506	9061	0.7	50	2	5
300	221110	280506	9061	0.7	50	2	5
300	220724	280506	9061	0.7	50	2	5
300	221454	280506	9061	0.7	50	2	5
300	221608	280506	9061	0.7	50	2	5
300	220297	280506	9061	0.7	50	2	5
300	220973	280506	9061	0.7	50	2	5
300	221803	280506	9061	0.7	50	2	5
300	221742	280506	9061	0.7	50	2	5
300	220625	280506	9061	0.7	50	2	5
350	221809	280506	9061	0.7	50	2	5
300	220231	280506	9061	0.7	50	2	5
300	221383	280506	9061	0.7	50	2	5
300	221251	280506	9061	0.7	50	2	5
250	220577	280506	9061	0.7	50	2	5
250	220664	280506	9061	0.7	50	2	5
300	221091	280506	9061	0.7	50	2	5
300	221512	280506	9061	0.7	50	2	5
300	220682	280506	9061	0.7	50	2	5
300	222365	280506	9061	0.7	50	2	5
350	221563	280506	9061	0.7	50	2	5
300	220522	280506	9061	0.7	50	2	5
300	221470	280506	9061	0.7	50	2	5
300	221975	280506	9061	0.7	50	2	5
350	221714	280506	9061	0.7	50	2	5
350	221472	280506	9061	0.7	50	2	5
300	221271	280506	9061	0.7	50	2	5
350	221137	280506	9061	0.7	50	2	5
300	222502	280506	9061	0.7	50	2	5
300	221235	280506	9061	0.7	50	2	5
300	220283	280506	9061	0.7	50	2	5
300	220309	280506	9061	0.7	50	2	5
300	220635	280506	9061	0.7	50	2	5
300	221893	280506	9061	0.7	50	2	5
300	221656	280506	9061	0.7	50	2	5
350	220500	280506	9061	0.7	50	2	5
250	221030	280506	9061	0.7	50	2	5
250	220951	280506	9061	0.7	50	2	5
250	219797	280506	9061	0.7	50	2	5
250	219966	280506	9061	0.7	50	2	5
300	220752	280506	9061	0.7	50	2	5
300	220807	280506	9061	0.7	50	2	5
350	221014	280506	9061	0.7	50	2	5
300	221335	280506	9061	0.7	50	2	5
300	220819	280506	9061	0.7	50	2	5
300	222453	280506	9061	0.7	50	2	5
300	221087	280506	9061	0.7	50	2	5
250	219765	280506	9061	0.7	50	2	5
300	221405	280506	9061	1.0	50	2	5
300	221471	280506	9061	1.0	50	2	5
300	221284	280506	9061	1.0	50	2	5
300	220978	280506	9061	1.0	50	2	5
300	221523	280506	9061	1.0	50	2	5
300	223307	280506	9061	1.0	50	2	5
300	221576	280506	9061	1.0	50	2	5
300	221053	280506	9061	1.0	50	2	5
350	221736	280506	9061	1.0	50	2	5
350	221676	280506	9061	1.0	50	2	5
300	221173	280506	9061	1.0	50	2	5
300	221563	280506	9061	1.0	50	2	5
300	220217	280506	9061	1.0	50	2	5
250	221167	280506	9061	1.0	50	2	5
300	221555	280506	9061	1.0	50	2	5
300	219915	280506	9061	1.0	50	2	5
300	221679	280506	9061	1.0	50	2	5
300	221937	280506	9061	1.0	50	2	5
300	222463	280506	9061	1.0	50	2	5
300	220464	280506	9061	1.0	50	2	5
300	220826	280506	9061	1.0	50	2	5
300	221351	280506	9061	1.0	50	2	5
300	221907	280506	9061	1.0	50	2	5
300	220795	280506	9061	1.0	50	2	5
300	220695	280506	9061	1.0	50	2	5
300	220678	280506	9061	1.0	50	2	5
300	221328	280506	9061	1.0	50	2	5
300	221911	280506	9061	1.0	50	2	5
300	221553	280506	9061	1.0	50	2	5
200	219824	280506	9061	1.0	50	2	5
250	219759	280506	9061	1.0	50	2	5
250	221800	280506	9061	1.0	50	2	5
300	221174	280506	9061	1.0	50	2	5
300	220880	280506	9061	1.0	50	2	5
300	222013	280506	9061	1.0	50	2	5
300	222081	280506	9061	1.0	50	2	5
300	220818	280506	9061	1.0	50	2	5
350	220882	280506	9061	1.0	50	2	5
350	221761	280506	9061	1.0	50	2	5
300	219729	280506	9061	1.0	50	2	5
300	222719	280506	9061	1.0	50	2	5
350	221525	280506	9061	1.0	50	2	5
300	221009	280506	9061	1.0	50	2	5
300	221454	280506	9061	1.0	50	2	5
300	221027	280506	9061	1.0	50	2	5
300	221056	280506	9061	1.0	50	2	5
300	220418	280506	9061	1.0	50	2	5
300	222457	280506	9061	1.0	50	2	5
300	220745	280506	9061	1.0	50	2	5
300	220833	280506	9061	1.0	50	2	5
300	220348	280506	9061	1.0	50	2	5
300	221368	280506	9061	1.0	50	2	5
300	220751	280506	9061	1.0	50	2	5
300	219346	280506	9061	1.0	50	2	5
250	219906	280506	9061	1.0	50	2	5
250	220744	280506	9061	1.0	50	2	5
300	221888	280506	9061	1.0	50	2	5
300	223158	280506	9061	1.0	50	2	5
350	222651	280506	9061	1.0	50	2	5
300	220592	280506	9061	1.0	50	2	5
300	220237	280506	9061	1.0	50	2	5
250	220796	280506	9061	1.0	50	2	5
300	219985	280506	9061	1.0	50	2	5
300	220673	280506	9061	1.0	50	2	5
300	221533	280506	9061	1.0	50	2	5
350	220679	280506	9061	1.0	50	2	5
300	221572	280506	9061	1.0	50	2	5
300	220205	280506	9061	1.0	50	2	5
300	220781	280506	9061	1.0	50	2	5
300	220669	280506	9061	1.0	50	2	5
300	221008	280506	9061	1.0	50	2	5
300	222349	280506	9061	1.0	50	2	5
300	220370	280506	9061	1.0	50	2	5
300	219819	280506	9061	1.0	50	2	5
300	220749	280506	9061	1.0	50	2	5
350	220690	280506	9061	1.0	50	2	5
300	219984	280506	9061	1.0	50	2	5
300	221289	280506	9061	1.0	50	2	5
250	220098	280506	9061	1.0	50	2	5
300	222586	280506	9061	1.0	50	2	5
350	222391	280506	9061	1.0	50	2	5
300	222046	280506	9061	1.0	50	2	5
300	220845	280506	9061	1.0	50	2	5
350	221641	280506	9061	1.0	50	2	5
300	221131	280506	9061	1.0	50	2	5
300	221503	280506	9061	1.0	50	2	5
300	220959	280506	9061	1.0	50	2	5
300	220821	280506	9061	1.0	50	2	5
300	220782	280506	9061	1.0	50	2	5
250	221429	280506	9061	1.0	50	2	5
300	221728	280506	9061	1.0	50	2	5
300	221772	280506	9061	1.0	50	2	5
300	221989	280506	9061	1.0	50	2	5
300	220951	280506	9061	1.0	50	2	5
300	221539	280506	9061	1.0	50	2	5
300	221492	280506	9061	1.0	50	2	5
300	221015	280506	9061	1.0	50	2	5
300	220626	280506	9061	1.0	50	2	5
300	220908	280506	9061	1.0	50	2	5
350	222131	280506	9061	1.0	50	2	5
300	223354	280506	9061	1.3	50	2	5
250	219779	280506	9061	1.3	50	2	5
300	220283	280506	9061	1.3	50	2	5
350	221434	280506	9061	1.3	50	2	5
300	221398	280506	9061	1.3	50	2	5
250	221264	280506	9061	1.3	50	2	5
300	221059	280506	9061	1.3	50	2	5
300	220905	280506	9061	1.3	50	2	5
300	221634	280506	9061	1.3	50	2	5
300	223198	280506	9061	1.3	50	2	5
300	221134	280506	9061	1.3	50	2	5
300	221542	280506	9061	1.3	50	2	5
300	219787	280506	9061	1.3	50	2	5
300	220835	280506	9061	1.3	50	2	5
300	220424	280506	9061	1.3	50	2	5
300	220864	280506	9061	1.3	50	2	5
300	220318	280506	9061	1.3	50	2	5
300	221610	280506	9061	1.3	50	2	5
300	220513	280506	9061	1.3	50	2	5
300	221345	280506	9061	1.3	50	2	5
350	221940	280506	9061	1.3	50	2	5
350	221393	280506	9061	1.3	50	2	5
300	221502	280506	9061	1.3	50	2	5
250	220383	280506	9061	1.3	50	2	5
300	221320	280506	9061	1.3	50	2	5
300	220181	280506	9061	1.3	50	2	5
300	220725	280506	9061	1.3	50	2	5
350	222525	280506	9061	1.3	50	2	5
300	221376	280506	9061	1.3	50	2	5
300	220931	280506	9061	1.3	50	2	5
300	221704	280506	9061	1.3	50	2	5
300	221639	280506	9061	1.3	50	2	5
300	221589	280506	9061	1.3	50	2	5
300	221289	280506	9061	1.3	50	2	5
300	221864	280506	9061	1.3	50	2	5
250	220970	280506	9061	1.3	50	2	5
300	221973	280506	9061	1.3	50	2	5
300	221273	280506	9061	1.3	50	2	5
300	222403	280506	9061	1.3	50	2	5
350	220512	280506	9061	1.3	50	2	5
300	220849	280506	9061	1.3	50	2	5
350	220779	280506	9061	1.3	50	2	5
300	221571	280506	9061	1.3	50	2	5
300	220834	280506	9061	1.3	50	2	5
350	222124	280506	9061	1.3	50	2	5
300	220779	280506	9061	1.3	50	2	5
300	220814	280506	9061	1.3	50	2	5
300	221888	280506	9061	1.3	50	2	5
300	221546	280506	9061	1.3	50	2	5
300	221328	280506	9061	1.3	50	2	5
300	220700	280506	9061	1.3	50	2	5
300	221936	280506	9061	1.3	50	2	5
300	220298	280506	9061	1.3	50	2	5
300	220178	280506	9061	1.3	50	2	5
250	220671	280506	9061	1.3	50	2	5
300	220607	280506	9061	1.3	50	2	5
300	220281	280506	9061	1.3	50	2	5
300	220522	280506	9061	1.3	50	2	5
350	221018	280506	9061	1.3	50	2	5
300	220403	280506	9061	1.3	50	2	5
300	220912	280506	9061	1.3	50	2	5
300	222619	280506	9061	1.3	50	2	5
250	220214	280506	9061	1.3	50	2	5
300	220492	280506	9061	1.3	50	2	5
350	221340	280506	9061	1.3	50	2	5
300	220940	280506	9061	1.3	50	2	5
300	220376	280506	9061	1.3	50	2	5
300	220582	280506	9061	1.3	50	2	5
300	220570	280506	9061	1.3	50	2	5
300	221455	280506	9061	1.3	50	2	5
350	222321	280506	9061	1.3	50	2	5
350	222321	280506	9061	1.3	50	2	5
300	219663	280506	9061	1.3	50	2	5
300	221278	280506	9061	1.3	50	2	5
300	221423	280506	9061	1.3	50	2	5
300	221349	280506	9061	1.3	50	2	5
300	222115	280506	9061	1.3	50	2	5
300	221405	280506	9061	1.3	50	2	5
300	221659	280506	9061	1.3	50	2	5
350	222510	280506	9061	1.3	50	2	5
300	220284	280506	9061	1.3	50	2	5
300	222374	280506	9061	1.3	50	2	5
300	220298	280506	9061	1.3	50	2	5
250	220576	280506	9061	1.3	50	2	5
250	219514	280506	9061	1.3	50	2	5
300	220694	280506	9061	1.3	50	2	5
300	221296	280506	9061	1.3	50	2	5
300	221784	280506	9061	1.3	50	2	5
300	221580	280506	9061	1.3	50	2	5
300	220546	280506	9061	1.3	50	2	5
300	221035	280506	9061	1.3	50	2	5
300	221403	280506	9061	1.3	50	2	5
300	220841	280506	9061	1.3	50	2	5
300	220184	280506	9061	1.3	50	2	5
300	221545	280506	9061	1.3	50	2	5
250	220026	280506	9061	1.3	50	2	5
300	220810	280506	9061	1.3	50	2	5
300	220936	280506	9061	1.3	50	2	5
300	221578	280506	9061	1.3	50	2	5
300	220808	280506	9061	1.3	50	2	5
300	219886	280506	9061	1.6	50	2	5
300	222367	280506	9061	1.6	50	2	5
300	221272	280506	9061	1.6	50	2	5
300	220697	280506	9061	1.6	50	2	5
300	222327	280506	9061	1.6	50	2	5
300	221541	280506	9061	1.6	50	2	5
300	222280	280506	9061	1.6	50	2	5
300	222660	280506	9061	1.6	50	2	5
300	220959	280506	9061	1.6	50	2	5
300	220409	280506	9061	1.6	50	2	5
300	221525	280506	9061	1.6	50	2	5
300	220746	280506	9061	1.6	50	2	5
300	222005	280506	9061	1.6	50	2	5
300	222021	280506	9061	1.6	50	2	5
300	221629	280506	9061	1.6	50	2	5
350	221799	280506	9061	1.6	50	2	5
300	221376	280506	9061	1.6	50	2	5
300	220636	280506	9061	1.6	50	2	5
300	221449	280506	9061	1.6	50	2	5
300	221787	280506	9061	1.6	50	2	5
300	221854	280506	9061	1.6	50	2	5
300	220652	280506	9061	1.6	50	2	5
300	220539	280506	9061	1.6	50	2	5
300	220614	280506	9061	1.6	50	2	5
300	220569	280506	9061	1.6	50	2	5
250	221268	280506	9061	1.6	50	2	5
350	220299	280506	9061	1.6	50	2	5
300	221017	280506	9061	1.6	50	2	5
300	221218	280506	9061	1.6	50	2	5
300	220488	280506	9061	1.6	50	2	5
300	221382	280506	9061	1.6	50	2	5
300	221198	280506	9061	1.6	50	2	5
300	220427	280506	9061	1.6	50	2	5
350	221280	280506	9061	1.6	50	2	5
350	220867	280506	9061	1.6	50	2	5
300	221762	280506	9061	1.6	50	2	5
300	221332	280506	9061	1.6	50	2	5
300	221802	280506	9061	1.6	50	2	5
300	219866	280506	9061	1.6	50	2	5
300	221585	280506	9061	1.6	50	2	5
300	222656	280506	9061	1.6	50	2	5
300	220647	280506	9061	1.6	50	2	5
300	220001	280506	9061	1.6	50	2	5
300	221891	280506	9061	1.6	50	2	5
350	220820	280506	9061	1.6	50	2	5
300	221969	280506	9061	1.6	50	2	5
300	221120	280506	9061	1.6	50	2	5
300	220687	280506	9061	1.6	50	2	5
350	220378	280506	9061	1.6	50	2	5
300	220657	280506	9061	1.6	50	2	5
300	219729	280506	9061	1.6	50	2	5
250	220437	280506	9061	1.6	50	2	5
250	221234	280506	9061	1.6	50	2	5
300	220860	280506	9061	1.6	50	2	5
300	221909	280506	9061	1.6	50	2	5
300	222076	280506	9061	1.6	50	2	5
300	221388	280506	9061	1.6	50	2	5
300	222075	280506	9061	1.6	50	2	5
300	221337	280506	9061	1.6	50	2	5
300	221121	280506	9061	1.6	50	2	5
250	220184	280506	9061	1.6	50	2	5
300	221150	280506	9061	1.6	50	2	5
300	221436	280506	9061	1.6	50	2	5
300	221258	280506	9061	1.6	50	2	5
300	222091	280506	9061	1.6	50	2	5
200	221096	280506	9061	1.6	50	2	5
200	219187	280506	9061	1.6	50	2	5
200	219412	280506	9061	1.6	50	2	5
200	218738	280506	9061	1.6	50	2	5
200	219144	280506	9061	1.6	50	2	5
300	221454	280506	9061	1.6	50	2	5
250	219615	280506	9061	1.6	50	2	5
300	222346	280506	9061	1.6	50	2	5
300	222735	280506	9061	1.6	50	2	5
300	220138	280506	9061	1.6	50	2	5
300	221586	280506	9061	1.6	50	2	5
300	220033	280506	9061	1.6	50	2	5
250	220585	280506	9061	1.6	50	2	5
300	221427	280506	9061	1.6	50	2	5
300	221014	280506	9061	1.6	50	2	5
300	221210	280506	9061	1.6	50	2	5
300	221095	280506	9061	1.6	50	2	5
300	219968	280506	9061	1.6	50	2	5
300	220275	280506	9061	1.6	50	2	5
300	220947	280506	9061	1.6	50	2	5
300	221404	280506	9061	1.6	50	2	5
300	221133	280506	9061	1.6	50	2	5
300	220857	280506	9061	1.6	50	2	5
300	220386	280506	9061	1.6	50	2	5
350	222245	280506	9061	1.6	50	2	5
300	221645	280506	9061	1.6	50	2	5
300	220849	280506	9061	1.6	50	2	5
300	220597	280506	9061	1.6	50	2	5
300	221661	280506	9061	1.6	50	2	5
300	221183	280506	9061	1.6	50	2	5
300	221815	280506	9061	1.6	50	2	5
300	220758	280506	9061	1.6	50	2	5
350	222058	280506	9061	1.6	50	2	5
300	221211	280506	9061	1.6	50	2	5
300	222124	280506	9061	1.6	50	2	5
250	220435	280506	9061	1.9000000000000001	50	2	5
250	221417	280506	9061	1.9000000000000001	50	2	5
300	221289	280506	9061	1.9000000000000001	50	2	5
300	220793	280506	9061	1.9000000000000001	50	2	5
300	220862	280506	9061	1.9000000000000001	50	2	5
300	221515	280506	9061	1.9000000000000001	50	2	5
250	219577	280506	9061	1.9000000000000001	50	2	5
350	221063	280506	9061	1.9000000000000001	50	2	5
300	220844	280506	9061	1.9000000000000001	50	2	5
300	222046	280506	9061	1.9000000000000001	50	2	5
300	220498	280506	9061	1.9000000000000001	50	2	5
300	220739	280506	9061	1.9000000000000001	50	2	5
300	221805	280506	9061	1.9000000000000001	50	2	5
300	221164	280506	9061	1.9000000000000001	50	2	5
300	221365	280506	9061	1.9000000000000001	50	2	5
300	221687	280506	9061	1.9000000000000001	50	2	5
300	221206	280506	9061	1.9000000000000001	50	2	5
300	221975	280506	9061	1.9000000000000001	50	2	5
300	220553	280506	9061	1.9000000000000001	50	2	5
300	221607	280506	9061	1.9000000000000001	50	2	5
300	221726	280506	9061	1.9000000000000001	50	2	5
300	220835	280506	9061	1.9000000000000001	50	2	5
300	220426	280506	9061	1.9000000000000001	50	2	5
300	223226	280506	9061	1.9000000000000001	50	2	5
300	221678	280506	9061	1.9000000000000001	50	2	5
300	221368	280506	9061	1.9000000000000001	50	2	5
300	221095	280506	9061	1.9000000000000001	50	2	5
300	221536	280506	9061	1.9000000000000001	50	2	5
300	220274	280506	9061	1.9000000000000001	50	2	5
300	221156	280506	9061	1.9000000000000001	50	2	5
300	220308	280506	9061	1.9000000000000001	50	2	5
300	220705	280506	9061	1.9000000000000001	50	2	5
300	220237	280506	9061	1.9000000000000001	50	2	5
250	219899	280506	9061	1.9000000000000001	50	2	5
250	220292	280506	9061	1.9000000000000001	50	2	5
200	218901	280506	9061	1.9000000000000001	50	2	5
200	220471	280506	9061	1.9000000000000001	50	2	5
200	219415	280506	9061	1.9000000000000001	50	2	5
200	219335	280506	9061	1.9000000000000001	50	2	5
200	219462	280506	9061	1.9000000000000001	50	2	5
200	220113	280506	9061	1.9000000000000001	50	2	5
200	220137	280506	9061	1.9000000000000001	50	2	5
250	219890	280506	9061	1.9000000000000001	50	2	5
200	220257	280506	9061	1.9000000000000001	50	2	5
250	219528	280506	9061	1.9000000000000001	50	2	5
300	221278	280506	9061	1.9000000000000001	50	2	5
300	221411	280506	9061	1.9000000000000001	50	2	5
250	220586	280506	9061	1.9000000000000001	50	2	5
300	220898	280506	9061	1.9000000000000001	50	2	5
250	218932	280506	9061	1.9000000000000001	50	2	5
300	220673	280506	9061	1.9000000000000001	50	2	5
300	220772	280506	9061	1.9000000000000001	50	2	5
300	221731	280506	9061	1.9000000000000001	50	2	5
300	221037	280506	9061	1.9000000000000001	50	2	5
300	222271	280506	9061	1.9000000000000001	50	2	5
300	222076	280506	9061	1.9000000000000001	50	2	5
300	219651	280506	9061	1.9000000000000001	50	2	5
300	220998	280506	9061	1.9000000000000001	50	2	5
300	220714	280506	9061	1.9000000000000001	50	2	5
300	220232	280506	9061	1.9000000000000001	50	2	5
300	221421	280506	9061	1.9000000000000001	50	2	5
300	221028	280506	9061	1.9000000000000001	50	2	5
300	220958	280506	9061	1.9000000000000001	50	2	5
300	222035	280506	9061	1.9000000000000001	50	2	5
300	221152	280506	9061	1.9000000000000001	50	2	5
300	221271	280506	9061	1.9000000000000001	50	2	5
300	219684	280506	9061	1.9000000000000001	50	2	5
350	220483	280506	9061	1.9000000000000001	50	2	5
350	222323	280506	9061	1.9000000000000001	50	2	5
300	220859	280506	9061	1.9000000000000001	50	2	5
300	220718	280506	9061	1.9000000000000001	50	2	5
300	220993	280506	9061	1.9000000000000001	50	2	5
300	221922	280506	9061	1.9000000000000001	50	2	5
300	222901	280506	9061	1.9000000000000001	50	2	5
300	221652	280506	9061	1.9000000000000001	50	2	5
300	221047	280506	9061	1.9000000000000001	50	2	5
350	221188	280506	9061	1.9000000000000001	50	2	5
300	220404	280506	9061	1.9000000000000001	50	2	5
300	222030	280506	9061	1.9000000000000001	50	2	5
300	221783	280506	9061	1.9000000000000001	50	2	5
300	220223	280506	9061	1.9000000000000001	50	2	5
300	220875	280506	9061	1.9000000000000001	50	2	5
300	220830	280506	9061	1.9000000000000001	50	2	5
300	221162	280506	9061	1.9000000000000001	50	2	5
300	220546	280506	9061	1.9000000000000001	50	2	5
300	219907	280506	9061	1.9000000000000001	50	2	5
300	220051	280506	9061	1.9000000000000001	50	2	5
300	221514	280506	9061	1.9000000000000001	50	2	5
300	222197	280506	9061	1.9000000000000001	50	2	5
300	220674	280506	9061	1.9000000000000001	50	2	5
300	222519	280506	9061	1.9000000000000001	50	2	5
300	222025	280506	9061	1.9000000000000001	50	2	5
300	221434	280506	9061	1.9000000000000001	50	2	5
250	220109	280506	9061	1.9000000000000001	50	2	5
250	220263	280506	9061	1.9000000000000001	50	2	5
300	221441	280506	9061	1.9000000000000001	50	2	5
300	220153	280506	9061	1.9000000000000001	50	2	5
300	222741	280506	9061	1.9000000000000001	50	2	5
300	221834	280506	9061	1.9000000000000001	50	2	5
300	220871	280506	9061	1.9000000000000001	50	2	5
300	220601	280506	9061	2.2	50	2	5
350	221744	280506	9061	2.2	50	2	5
250	221474	280506	9061	2.2	50	2	5
300	222401	280506	9061	2.2	50	2	5
300	222101	280506	9061	2.2	50	2	5
300	220512	280506	9061	2.2	50	2	5
300	221259	280506	9061	2.2	50	2	5
350	221811	280506	9061	2.2	50	2	5
300	220255	280506	9061	2.2	50	2	5
300	222028	280506	9061	2.2	50	2	5
300	220569	280506	9061	2.2	50	2	5
300	222366	280506	9061	2.2	50	2	5
300	221104	280506	9061	2.2	50	2	5
300	220881	280506	9061	2.2	50	2	5
300	222056	280506	9061	2.2	50	2	5
300	219847	280506	9061	2.2	50	2	5
300	220721	280506	9061	2.2	50	2	5
300	221438	280506	9061	2.2	50	2	5
300	220683	280506	9061	2.2	50	2	5
300	221641	280506	9061	2.2	50	2	5
300	220901	280506	9061	2.2	50	2	5
300	221326	280506	9061	2.2	50	2	5
250	221700	280506	9061	2.2	50	2	5
300	221297	280506	9061	2.2	50	2	5
300	222176	280506	9061	2.2	50	2	5
300	220592	280506	9061	2.2	50	2	5
300	221182	280506	9061	2.2	50	2	5
300	221119	280506	9061	2.2	50	2	5
300	220577	280506	9061	2.2	50	2	5
300	222538	280506	9061	2.2	50	2	5
300	220488	280506	9061	2.2	50	2	5
300	220946	280506	9061	2.2	50	2	5
300	222789	280506	9061	2.2	50	2	5
250	220341	280506	9061	2.2	50	2	5
250	221120	280506	9061	2.2	50	2	5
350	222512	280506	9061	2.2	50	2	5
300	221478	280506	9061	2.2	50	2	5
300	220699	280506	9061	2.2	50	2	5
250	220488	280506	9061	2.2	50	2	5
300	221086	280506	9061	2.2	50	2	5
250	221153	280506	9061	2.2	50	2	5
300	221641	280506	9061	2.2	50	2	5
300	221160	280506	9061	2.2	50	2	5
300	221243	280506	9061	2.2	50	2	5
300	221197	280506	9061	2.2	50	2	5
300	221421	280506	9061	2.2	50	2	5
350	221149	280506	9061	2.2	50	2	5
300	220632	280506	9061	2.2	50	2	5
300	221536	280506	9061	2.2	50	2	5
300	220863	280506	9061	2.2	50	2	5
300	221782	280506	9061	2.2	50	2	5
300	221202	280506	9061	2.2	50	2	5
300	222091	280506	9061	2.2	50	2	5
300	221003	280506	9061	2.2	50	2	5
350	222009	280506	9061	2.2	50	2	5
300	221527	280506	9061	2.2	50	2	5
300	221944	280506	9061	2.2	50	2	5
300	221314	280506	9061	2.2	50	2	5
300	221538	280506	9061	2.2	50	2	5
300	222157	280506	9061	2.2	50	2	5
250	219744	280506	9061	2.2	50	2	5
300	221007	280506	9061	2.2	50	2	5
300	223391	280506	9061	2.2	50	2	5
350	220859	280506	9061	2.2	50	2	5
300	221378	280506	9061	2.2	50	2	5
300	222864	280506	9061	2.2	50	2	5
250	221257	280506	9061	2.2	50	2	5
300	221862	280506	9061	2.2	50	2	5
300	221659	280506	9061	2.2	50	2	5
300	222053	280506	9061	2.2	50	2	5
300	220010	280506	9061	2.2	50	2	5
300	221766	280506	9061	2.2	50	2	5
300	222119	280506	9061	2.2	50	2	5
300	220775	280506	9061	2.2	50	2	5
250	220621	280506	9061	2.2	50	2	5
300	221185	280506	9061	2.2	50	2	5
300	221332	280506	9061	2.2	50	2	5
300	220682	280506	9061	2.2	50	2	5
300	221063	280506	9061	2.2	50	2	5
300	222797	280506	9061	2.2	50	2	5
350	222034	280506	9061	2.2	50	2	5
300	220980	280506	9061	2.2	50	2	5
300	220628	280506	9061	2.2	50	2	5
250	220674	280506	9061	2.2	50	2	5
300	220205	280506	9061	2.2	50	2	5
250	220389	280506	9061	2.2	50	2	5
300	220485	280506	9061	2.2	50	2	5
300	221966	280506	9061	2.2	50	2	5
300	221374	280506	9061	2.2	50	2	5
300	221149	280506	9061	2.2	50	2	5
250	220552	280506	9061	2.2	50	2	5
250	222013	280506	9061	2.2	50	2	5
300	221264	280506	9061	2.2	50	2	5
350	220596	280506	9061	2.2	50	2	5
350	222144	280506	9061	2.2	50	2	5
350	221128	280506	9061	2.2	50	2	5
300	220864	280506	9061	2.2	50	2	5
300	221588	280506	9061	2.2	50	2	5
300	219925	280506	9061	2.2	50	2	5
300	220722	280506	9061	2.2	50	2	5
300	221301	280506	9061	2.5	50	2	5
250	221720	280506	9061	2.5	50	2	5
300	220039	280506	9061	2.5	50	2	5
300	221633	280506	9061	2.5	50	2	5
300	221572	280506	9061	2.5	50	2	5
350	220023	280506	9061	2.5	50	2	5
250	220693	280506	9061	2.5	50	2	5
300	221595	280506	9061	2.5	50	2	5
300	221152	280506	9061	2.5	50	2	5
300	220661	280506	9061	2.5	50	2	5
300	222231	280506	9061	2.5	50	2	5
300	222337	280506	9061	2.5	50	2	5
300	221153	280506	9061	2.5	50	2	5
300	221868	280506	9061	2.5	50	2	5
300	222479	280506	9061	2.5	50	2	5
300	220458	280506	9061	2.5	50	2	5
300	220192	280506	9061	2.5	50	2	5
300	221295	280506	9061	2.5	50	2	5
300	220331	280506	9061	2.5	50	2	5
300	221772	280506	9061	2.5	50	2	5
350	220829	280506	9061	2.5	50	2	5
250	219784	280506	9061	2.5	50	2	5
250	220120	280506	9061	2.5	50	2	5
250	219974	280506	9061	2.5	50	2	5
300	222208	280506	9061	2.5	50	2	5
300	221366	280506	9061	2.5	50	2	5
300	220824	280506	9061	2.5	50	2	5
300	221379	280506	9061	2.5	50	2	5
300	221164	280506	9061	2.5	50	2	5
300	220876	280506	9061	2.5	50	2	5
300	221870	280506	9061	2.5	50	2	5
300	220820	280506	9061	2.5	50	2	5
300	222876	280506	9061	2.5	50	2	5
300	220775	280506	9061	2.5	50	2	5
300	221418	280506	9061	2.5	50	2	5
300	220262	280506	9061	2.5	50	2	5
300	220653	280506	9061	2.5	50	2	5
300	220882	280506	9061	2.5	50	2	5
350	220686	280506	9061	2.5	50	2	5
350	221901	280506	9061	2.5	50	2	5
300	221475	280506	9061	2.5	50	2	5
300	220313	280506	9061	2.5	50	2	5
300	220906	280506	9061	2.5	50	2	5
300	220899	280506	9061	2.5	50	2	5
300	220284	280506	9061	2.5	50	2	5
300	220558	280506	9061	2.5	50	2	5
300	221623	280506	9061	2.5	50	2	5
300	220455	280506	9061	2.5	50	2	5
300	220599	280506	9061	2.5	50	2	5
300	222041	280506	9061	2.5	50	2	5
300	221698	280506	9061	2.5	50	2	5
300	221771	280506	9061	2.5	50	2	5
300	222484	280506	9061	2.5	50	2	5
300	221057	280506	9061	2.5	50	2	5
300	221358	280506	9061	2.5	50	2	5
300	221102	280506	9061	2.5	50	2	5
300	221466	280506	9061	2.5	50	2	5
300	221972	280506	9061	2.5	50	2	5
300	221336	280506	9061	2.5	50	2	5
300	221624	280506	9061	2.5	50	2	5
300	219812	280506	9061	2.5	50	2	5
250	221889	280506	9061	2.5	50	2	5
300	220546	280506	9061	2.5	50	2	5
300	221637	280506	9061	2.5	50	2	5
300	221037	280506	9061	2.5	50	2	5
300	221821	280506	9061	2.5	50	2	5
300	219946	280506	9061	2.5	50	2	5
350	221508	280506	9061	2.5	50	2	5
300	220956	280506	9061	2.5	50	2	5
350	220938	280506	9061	2.5	50	2	5
300	220904	280506	9061	2.5	50	2	5
250	220042	280506	9061	2.5	50	2	5
300	220743	280506	9061	2.5	50	2	5
300	220614	280506	9061	2.5	50	2	5
250	221193	280506	9061	2.5	50	2	5
250	219977	280506	9061	2.5	50	2	5
250	219099	280506	9061	2.5	50	2	5
300	220963	280506	9061	2.5	50	2	5
300	221468	280506	9061	2.5	50	2	5
350	222308	280506	9061	2.5	50	2	5
300	220669	280506	9061	2.5	50	2	5
300	220909	280506	9061	2.5	50	2	5
300	221100	280506	9061	2.5	50	2	5
300	222582	280506	9061	2.5	50	2	5
300	220704	280506	9061	2.5	50	2	5
300	220745	280506	9061	2.5	50	2	5
300	221242	280506	9061	2.5	50	2	5
300	222053	280506	9061	2.5	50	2	5
300	220379	280506	9061	2.5	50	2	5
300	220974	280506	9061	2.5	50	2	5
300	222678	280506	9061	2.5	50	2	5
300	220771	280506	9061	2.5	50	2	5
300	221220	280506	9061	2.5	50	2	5
250	219604	280506	9061	2.5	50	2	5
250	219990	280506	9061	2.5	50	2	5
300	220473	280506	9061	2.5	50	2	5
300	221202	280506	9061	2.5	50	2	5
300	220417	280506	9061	2.5	50	2	5
300	221888	280506	9061	2.5	50	2	5
300	221512	280506	9061	2.5	50	2	5
250	218883	280506	9061	2.8	50	2	5
300	221604	280506	9061	2.8	50	2	5
300	221366	280506	9061	2.8	50	2	5
300	222126	280506	9061	2.8	50	2	5
300	221450	280506	9061	2.8	50	2	5
300	221063	280506	9061	2.8	50	2	5
300	222205	280506	9061	2.8	50	2	5
250	219869	280506	9061	2.8	50	2	5
300	221144	280506	9061	2.8	50	2	5
300	220906	280506	9061	2.8	50	2	5
300	221914	280506	9061	2.8	50	2	5
300	220918	280506	9061	2.8	50	2	5
350	221638	280506	9061	2.8	50	2	5
300	222386	280506	9061	2.8	50	2	5
300	221849	280506	9061	2.8	50	2	5
300	221333	280506	9061	2.8	50	2	5
250	221083	280506	9061	2.8	50	2	5
250	219775	280506	9061	2.8	50	2	5
300	220847	280506	9061	2.8	50	2	5
300	222092	280506	9061	2.8	50	2	5
250	220372	280506	9061	2.8	50	2	5
300	222070	280506	9061	2.8	50	2	5
300	222689	280506	9061	2.8	50	2	5
300	221034	280506	9061	2.8	50	2	5
300	221311	280506	9061	2.8	50	2	5
300	220719	280506	9061	2.8	50	2	5
250	220572	280506	9061	2.8	50	2	5
300	221328	280506	9061	2.8	50	2	5
300	220388	280506	9061	2.8	50	2	5
300	222176	280506	9061	2.8	50	2	5
300	221731	280506	9061	2.8	50	2	5
300	221596	280506	9061	2.8	50	2	5
300	221841	280506	9061	2.8	50	2	5
300	221056	280506	9061	2.8	50	2	5
300	222001	280506	9061	2.8	50	2	5
300	221617	280506	9061	2.8	50	2	5
300	220375	280506	9061	2.8	50	2	5
250	220442	280506	9061	2.8	50	2	5
250	220993	280506	9061	2.8	50	2	5
300	220148	280506	9061	2.8	50	2	5
300	221431	280506	9061	2.8	50	2	5
300	222057	280506	9061	2.8	50	2	5
300	220696	280506	9061	2.8	50	2	5
300	219656	280506	9061	2.8	50	2	5
250	221638	280506	9061	2.8	50	2	5
300	220316	280506	9061	2.8	50	2	5
300	221701	280506	9061	2.8	50	2	5
300	221724	280506	9061	2.8	50	2	5
300	221531	280506	9061	2.8	50	2	5
300	222368	280506	9061	2.8	50	2	5
300	222502	280506	9061	2.8	50	2	5
300	221057	280506	9061	2.8	50	2	5
300	220053	280506	9061	2.8	50	2	5
300	220609	280506	9061	2.8	50	2	5
300	221923	280506	9061	2.8	50	2	5
350	221582	280506	9061	2.8	50	2	5
300	219474	280506	9061	2.8	50	2	5
300	220182	280506	9061	2.8	50	2	5
250	219949	280506	9061	2.8	50	2	5
300	221009	280506	9061	2.8	50	2	5
300	220869	280506	9061	2.8	50	2	5
300	221406	280506	9061	2.8	50	2	5
300	220804	280506	9061	2.8	50	2	5
300	221251	280506	9061	2.8	50	2	5
300	221521	280506	9061	2.8	50	2	5
300	220919	280506	9061	2.8	50	2	5
300	219474	280506	9061	2.8	50	2	5
300	221603	280506	9061	2.8	50	2	5
300	221563	280506	9061	2.8	50	2	5
300	221398	280506	9061	2.8	50	2	5
300	220660	280506	9061	2.8	50	2	5
300	220757	280506	9061	2.8	50	2	5
300	220624	280506	9061	2.8	50	2	5
300	222191	280506	9061	2.8	50	2	5
350	220646	280506	9061	2.8	50	2	5
250	220782	280506	9061	2.8	50	2	5
250	219975	280506	9061	2.8	50	2	5
300	221433	280506	9061	2.8	50	2	5
350	221292	280506	9061	2.8	50	2	5
300	221366	280506	9061	2.8	50	2	5
250	221343	280506	9061	2.8	50	2	5
350	221121	280506	9061	2.8	50	2	5
250	220835	280506	9061	2.8	50	2	5
300	221217	280506	9061	2.8	50	2	5
300	221853	280506	9061	2.8	50	2	5
300	220717	280506	9061	2.8	50	2	5
300	222043	280506	9061	2.8	50	2	5
300	221758	280506	9061	2.8	50	2	5
300	221271	280506	9061	2.8	50	2	5
300	220341	280506	9061	2.8	50	2	5
300	221813	280506	9061	2.8	50	2	5
250	219930	280506	9061	2.8	50	2	5
300	221817	280506	9061	2.8	50	2	5
300	220846	280506	9061	2.8	50	2	5
250	221743	280506	9061	2.8	50	2	5
300	220921	280506	9061	2.8	50	2	5
300	220937	280506	9061	2.8	50	2	5
300	222895	280506	9061	2.8	50	2	5
300	221382	280506	9061	2.8	50	2	5
300	221239	280506	9061	2.8	50	2	5
